id,device_id,value,timestamp
f026f5e1-a793-4432-83f7-583fb3a6689b,1359152e-3f2a-4634-ae6e-b435d7e8e6b3,49,2025-04-17 08:03:10
f301741c-2495-4fa6-91b0-e8e88cbf9ff7,d458c8f1-8c19-460d-b2eb-8c89b2c378e9,32,2025-04-17 10:03:40
925e17ea-23d3-4bfb-a638-3375085174e0,d458c8f1-8c19-460d-b2eb-8c89b2c378e9,23,2025-04-17 15:03:10
32f3d0f2-fbfa-4df4-927c-0c6488ecd87c,8b3a098c-caf2-4cb8-88cb-51969e83970e,30,2025-04-17 11:06:10
439f7261-ff55-44f3-abfd-f4fc093880ed,1359152e-3f2a-4634-ae6e-b435d7e8e6b3,60,2025-04-17 11:03:40
ef84696b-a3c1-4cab-a755-8ece56db011c,d458c8f1-8c19-460d-b2eb-8c89b2c378e9,35,2025-04-17 08:02:10
3624da5c-31c9-4091-ad54-3170285ba961,1359152e-3f2a-4634-ae6e-b435d7e8e6b3,43,2025-04-17 08:07:10
ce3ba3c2-22bc-40cb-9160-398ce7bc820d,d458c8f1-8c19-460d-b2eb-8c89b2c378e9,34,2025-04-17 10:09:50
c601ad0d-671f-41bb-9edf-6b438443c1a7,8b3a098c-caf2-4cb8-88cb-51969e83970e,20,2025-04-17 08:04:00
9a407285-f9ed-4217-b20b-273f33096b0d,8b3a098c-caf2-4cb8-88cb-51969e83970e,24,2025-04-17 14:00:40
199d8219-9b01-4404-acd8-5d1f0a546283,d458c8f1-8c19-460d-b2eb-8c89b2c378e9,32,2025-04-17 11:07:20
4341715c-e811-485c-9292-559c7247deeb,d458c8f1-8c19-460d-b2eb-8c89b2c378e9,23,2025-04-17 14:06:30
6e5afe7e-010e-416a-b92f-c72215041b95,8b3a098c-caf2-4cb8-88cb-51969e83970e,30,2025-04-17 10:00:50
5335db7a-9537-4db6-86d1-9624e1bc12ed,d458c8f1-8c19-460d-b2eb-8c89b2c378e9,26,2025-04-17 14:05:10
fc9222b4-97ae-454f-af5e-0cc955407537,1359152e-3f2a-4634-ae6e-b435d7e8e6b3,66,2025-04-17 09:06:10
a0f7c8a5-f2b5-40b0-9ab4-6f7a6af8e249,d458c8f1-8c19-460d-b2eb-8c89b2c378e9,30,2025-04-17 09:00:30
e43b6fe4-2e86-4209-a05c-0aaf6c749a11,d458c8f1-8c19-460d-b2eb-8c89b2c378e9,25,2025-04-17 09:03:20
090ff982-7da2-49f5-a0d1-e57caa804170,8b3a098c-caf2-4cb8-88cb-51969e83970e,32,2025-04-17 12:06:50
db1faf27-2a5f-40a9-81d5-14bdcf037ea2,d458c8f1-8c19-460d-b2eb-8c89b2c378e9,23,2025-04-17 11:01:40
676b41b4-02b2-4ca5-a5ce-b9256b08f985,8b3a098c-caf2-4cb8-88cb-51969e83970e,21,2025-04-17 15:09:00
53d597da-b749-4191-91cf-3d06c8b5b420,8b3a098c-caf2-4cb8-88cb-51969e83970e,34,2025-04-17 13:01:40
50a90755-4f6d-495a-aa60-213673fdd4d6,8b3a098c-caf2-4cb8-88cb-51969e83970e,24,2025-04-17 12:01:00
ae888e98-09cb-455b-b434-2f86fd88820d,1359152e-3f2a-4634-ae6e-b435d7e8e6b3,41,2025-04-17 15:02:00
594fd26c-a67c-4d99-b25c-dbe4575e0cdc,8b3a098c-caf2-4cb8-88cb-51969e83970e,30,2025-04-17 09:05:20
320bcfe2-c9f3-4a2e-9b79-5c4e8171b1a6,d458c8f1-8c19-460d-b2eb-8c89b2c378e9,34,2025-04-17 11:05:00
e31425a6-70f3-4d4a-b1e4-4b0a4ed3b5bb,d458c8f1-8c19-460d-b2eb-8c89b2c378e9,23,2025-04-17 09:09:00
e3ef9535-708e-41c8-b556-8d6d37ab1625,1359152e-3f2a-4634-ae6e-b435d7e8e6b3,66,2025-04-17 12:07:20
b74ddab9-7606-4d35-81ba-0265135d578c,d458c8f1-8c19-460d-b2eb-8c89b2c378e9,27,2025-04-17 10:05:30
5a8017d5-b845-4efb-b8dc-dc0bb010f035,8b3a098c-caf2-4cb8-88cb-51969e83970e,32,2025-04-17 08:02:00
9f413746-c2d7-48fb-9609-a4bd28c81c3d,1359152e-3f2a-4634-ae6e-b435d7e8e6b3,40,2025-04-17 08:03:30
87d5c373-f195-41e6-9d72-9d5872e636ce,8b3a098c-caf2-4cb8-88cb-51969e83970e,28,2025-04-17 11:01:40
b630ace7-400c-49bd-b0c5-54cdb609cb11,8b3a098c-caf2-4cb8-88cb-51969e83970e,23,2025-04-17 12:08:40
4f1336cd-4f3c-4198-8982-4b551647d6e6,8b3a098c-caf2-4cb8-88cb-51969e83970e,25,2025-04-17 15:03:40
02cc5d7a-8a20-4157-98c2-b6acb3498c01,d458c8f1-8c19-460d-b2eb-8c89b2c378e9,33,2025-04-17 12:05:20
bbea1188-bb2e-4102-acc4-d9bb0dfaa99f,d458c8f1-8c19-460d-b2eb-8c89b2c378e9,23,2025-04-17 11:02:20
e38da4c3-2026-4e12-9e20-37d3615c4519,8b3a098c-caf2-4cb8-88cb-51969e83970e,32,2025-04-17 12:05:00
65bda44e-f776-4734-ad4e-334bd4440948,8b3a098c-caf2-4cb8-88cb-51969e83970e,23,2025-04-17 15:02:10
7798030c-0001-4d8b-8c97-91bebb5dbdf1,1359152e-3f2a-4634-ae6e-b435d7e8e6b3,40,2025-04-17 15:00:40
a94e9427-3c4b-46e0-bdb7-41dd25532ce0,8b3a098c-caf2-4cb8-88cb-51969e83970e,22,2025-04-17 11:02:50
754526eb-fb13-4e94-a22d-59fa44ff6bf5,1359152e-3f2a-4634-ae6e-b435d7e8e6b3,47,2025-04-17 12:05:10
5984b4bb-bde2-415b-847e-19cc98b3c419,8b3a098c-caf2-4cb8-88cb-51969e83970e,33,2025-04-17 10:07:50
70177a2c-dfcc-4c32-a14c-8a4eff22350e,8b3a098c-caf2-4cb8-88cb-51969e83970e,24,2025-04-17 14:03:20
1a35244b-4175-4eb7-91ad-c92762c73df8,d458c8f1-8c19-460d-b2eb-8c89b2c378e9,27,2025-04-17 11:07:40
ccc848d8-8e7d-403b-9a13-64f96aff49b2,8b3a098c-caf2-4cb8-88cb-51969e83970e,27,2025-04-17 10:06:20
9e9881ab-1cfb-47f0-88fb-593efb8c7172,1359152e-3f2a-4634-ae6e-b435d7e8e6b3,49,2025-04-17 14:03:10
6bca4811-f55e-40c2-8735-960d8c4030ca,1359152e-3f2a-4634-ae6e-b435d7e8e6b3,65,2025-04-17 12:09:50
e660e2e7-0a01-42d1-bfa6-0b761465d125,8b3a098c-caf2-4cb8-88cb-51969e83970e,26,2025-04-17 10:03:30
434ae976-f7c4-4125-9615-69f4d2e802ad,d458c8f1-8c19-460d-b2eb-8c89b2c378e9,33,2025-04-17 12:03:50
a70fe238-630c-4915-98a9-f1d6136a93c2,d458c8f1-8c19-460d-b2eb-8c89b2c378e9,21,2025-04-17 12:01:20
f8c0e04d-b6bf-4223-8a45-430f92535b8e,d458c8f1-8c19-460d-b2eb-8c89b2c378e9,28,2025-04-17 11:05:40
6bc63b72-2910-42c7-abe3-e81c0b15ca97,d458c8f1-8c19-460d-b2eb-8c89b2c378e9,29,2025-04-17 09:08:20
8b2152f2-a610-4c74-ac7d-b47276c33f5d,1359152e-3f2a-4634-ae6e-b435d7e8e6b3,41,2025-04-17 12:06:10
899f481e-0536-4194-aff2-44bd79135770,d458c8f1-8c19-460d-b2eb-8c89b2c378e9,32,2025-04-17 15:00:40
502c2384-f8de-4cd9-8bec-698e69359cc2,d458c8f1-8c19-460d-b2eb-8c89b2c378e9,27,2025-04-17 12:07:50
2dc886b1-2fed-4f31-acde-c0df5d58fa19,8b3a098c-caf2-4cb8-88cb-51969e83970e,22,2025-04-17 13:05:20
9224fedd-bdee-44b3-93ec-c344d6f23cdc,1359152e-3f2a-4634-ae6e-b435d7e8e6b3,70,2025-04-17 14:05:30
33ed9e7c-741c-4abc-8be1-f57223b2e9ef,d458c8f1-8c19-460d-b2eb-8c89b2c378e9,22,2025-04-17 13:08:20
b7dacb31-dc7a-4046-a8b6-83933f944bc5,1359152e-3f2a-4634-ae6e-b435d7e8e6b3,44,2025-04-17 13:05:10
35d6c20d-aed6-4160-8902-841448ec554d,d458c8f1-8c19-460d-b2eb-8c89b2c378e9,30,2025-04-17 15:01:10
f60b8767-ae01-451a-aafb-487b776e4646,8b3a098c-caf2-4cb8-88cb-51969e83970e,29,2025-04-17 08:01:10
897006f8-b908-41c7-b74d-8e6cc6e99961,1359152e-3f2a-4634-ae6e-b435d7e8e6b3,58,2025-04-17 15:08:40
7a7e096e-5e30-4a7c-a8d8-34c1d483c31d,8b3a098c-caf2-4cb8-88cb-51969e83970e,24,2025-04-17 12:03:40
cabf3efc-baf7-4840-88e5-2b363268f3f8,1359152e-3f2a-4634-ae6e-b435d7e8e6b3,57,2025-04-17 10:06:40
aa4e02fb-b369-4397-9774-9b56270f1c9a,8b3a098c-caf2-4cb8-88cb-51969e83970e,30,2025-04-17 09:05:10
4906bca1-12f5-46a7-8fbc-09f1dd4e16e0,1359152e-3f2a-4634-ae6e-b435d7e8e6b3,65,2025-04-17 12:08:20
550d456a-e115-483e-910f-b31f884323fe,1359152e-3f2a-4634-ae6e-b435d7e8e6b3,50,2025-04-17 13:01:50
64831bc1-99ed-46b2-a12f-997bdde769a8,8b3a098c-caf2-4cb8-88cb-51969e83970e,31,2025-04-17 11:05:50
ac80ad6e-17de-492d-8b23-e77d90095a30,8b3a098c-caf2-4cb8-88cb-51969e83970e,23,2025-04-17 15:08:50
fe315da6-233d-4385-a616-36bf7d8b7788,8b3a098c-caf2-4cb8-88cb-51969e83970e,34,2025-04-17 12:02:00
35f562c4-8ab0-4305-aea0-d8a90b3192ae,8b3a098c-caf2-4cb8-88cb-51969e83970e,32,2025-04-17 11:04:50
5f8b1868-691f-4122-9dae-c0d63f0a1773,8b3a098c-caf2-4cb8-88cb-51969e83970e,31,2025-04-17 14:08:50
1f10227c-188c-4ac3-8c84-3c7847d8006b,1359152e-3f2a-4634-ae6e-b435d7e8e6b3,63,2025-04-17 15:05:50
c2e39bbe-7c55-4c75-921c-3fce443dd0eb,8b3a098c-caf2-4cb8-88cb-51969e83970e,26,2025-04-17 10:04:50
f14310c5-a9d2-42a4-bb57-6c24d3c97b45,8b3a098c-caf2-4cb8-88cb-51969e83970e,27,2025-04-17 12:08:20
98d96187-a4a1-4eec-9a35-c971333be60b,d458c8f1-8c19-460d-b2eb-8c89b2c378e9,35,2025-04-17 09:09:50
f2757cfa-8aed-4c72-865f-8e3601b842eb,d458c8f1-8c19-460d-b2eb-8c89b2c378e9,24,2025-04-17 09:00:00
38d6371a-df2a-4f61-9a75-8be66f906285,8b3a098c-caf2-4cb8-88cb-51969e83970e,35,2025-04-17 09:03:40
853b57e2-55c4-45cf-b82e-eb8a6c2b9b2c,d458c8f1-8c19-460d-b2eb-8c89b2c378e9,34,2025-04-17 14:05:00
6ccd8413-8fa0-40fd-8a35-062e4e9a271e,8b3a098c-caf2-4cb8-88cb-51969e83970e,30,2025-04-17 08:09:50
5a4fe8f0-1499-4374-b783-653c8ead175a,1359152e-3f2a-4634-ae6e-b435d7e8e6b3,42,2025-04-17 14:06:10
16d245ec-08ca-489e-91c7-cc8d8dbc9d0e,1359152e-3f2a-4634-ae6e-b435d7e8e6b3,64,2025-04-17 11:02:20
a4041778-6a0a-4299-8f82-866f44328086,1359152e-3f2a-4634-ae6e-b435d7e8e6b3,41,2025-04-17 09:02:50
7640a746-fb62-42da-86e7-e0169b8c3ad3,8b3a098c-caf2-4cb8-88cb-51969e83970e,32,2025-04-17 10:05:30
b1b07655-cc6e-421b-8555-c9b4d9c262bb,d458c8f1-8c19-460d-b2eb-8c89b2c378e9,20,2025-04-17 13:07:20
311ba760-5ae9-4fc2-bc3b-2a5b1bb4d216,8b3a098c-caf2-4cb8-88cb-51969e83970e,27,2025-04-17 14:09:20
8f450a20-f2c9-4fcc-8c47-da341cbb0676,1359152e-3f2a-4634-ae6e-b435d7e8e6b3,65,2025-04-17 11:04:10
fb9cfcf1-0131-4f2e-b70b-5be699367022,1359152e-3f2a-4634-ae6e-b435d7e8e6b3,68,2025-04-17 15:02:30
92ae5972-f853-45f2-97e3-17a072637849,1359152e-3f2a-4634-ae6e-b435d7e8e6b3,62,2025-04-17 11:06:50
5f927ded-6b81-4953-a988-f087440a4a0a,d458c8f1-8c19-460d-b2eb-8c89b2c378e9,21,2025-04-17 10:09:40
aea6adaf-3456-476b-84c7-09c7a895113e,d458c8f1-8c19-460d-b2eb-8c89b2c378e9,26,2025-04-17 10:00:20
71840ab8-df25-49ee-a0ac-11385acd82f9,1359152e-3f2a-4634-ae6e-b435d7e8e6b3,68,2025-04-17 15:04:00
03864f66-5ac7-4c9c-80c3-e088cba318fc,8b3a098c-caf2-4cb8-88cb-51969e83970e,34,2025-04-17 13:09:30
ca4a5948-6c12-430c-81e3-8dba71731b3d,1359152e-3f2a-4634-ae6e-b435d7e8e6b3,67,2025-04-17 10:08:50
d80c2e68-be0a-4cf0-afa9-d9975794664b,8b3a098c-caf2-4cb8-88cb-51969e83970e,28,2025-04-17 12:01:50
a6f33842-b761-45c5-a95e-decdff6aa624,1359152e-3f2a-4634-ae6e-b435d7e8e6b3,59,2025-04-17 14:03:20
3f6f0041-cf45-4a32-a437-f4a90ae187a6,1359152e-3f2a-4634-ae6e-b435d7e8e6b3,61,2025-04-17 11:06:00
7d552336-8447-4f0b-b1f6-2b3c9d4927e2,1359152e-3f2a-4634-ae6e-b435d7e8e6b3,63,2025-04-17 14:07:30
1e9ee143-96b0-4840-9317-e1de49a56f5f,1359152e-3f2a-4634-ae6e-b435d7e8e6b3,50,2025-04-17 08:02:30
f880f02a-3964-4190-8054-9b660fe9553a,8b3a098c-caf2-4cb8-88cb-51969e83970e,23,2025-04-17 13:06:00
74b480c4-3e2a-434c-9c84-2e53a514d98d,8b3a098c-caf2-4cb8-88cb-51969e83970e,34,2025-04-17 14:04:20
8fa72a7e-16a1-45f7-80c1-426c4b292174,1359152e-3f2a-4634-ae6e-b435d7e8e6b3,51,2025-04-17 15:09:10
a0105123-6427-4c27-9405-fada69a42157,d458c8f1-8c19-460d-b2eb-8c89b2c378e9,24,2025-04-17 14:00:20
518dd112-050e-4ac2-bfcc-3224241a37f0,1359152e-3f2a-4634-ae6e-b435d7e8e6b3,69,2025-04-17 08:04:10
1ebe56f0-4700-46f9-85e3-1b0467452092,8b3a098c-caf2-4cb8-88cb-51969e83970e,20,2025-04-17 13:03:00
f844360a-01b9-4d03-a24e-4703f93ed5ca,8b3a098c-caf2-4cb8-88cb-51969e83970e,33,2025-04-17 14:07:40
c5166fc1-a8f3-4b60-b3ca-f679c3139849,1359152e-3f2a-4634-ae6e-b435d7e8e6b3,56,2025-04-17 14:05:50
089840ac-4226-4511-bd80-7a6aa6266546,1359152e-3f2a-4634-ae6e-b435d7e8e6b3,48,2025-04-17 14:04:50
74b911fd-78cb-4e2c-b577-2e391cef9fa9,8b3a098c-caf2-4cb8-88cb-51969e83970e,35,2025-04-17 10:00:10
cc43bde9-ca70-4290-9e25-c5f13725bd1e,1359152e-3f2a-4634-ae6e-b435d7e8e6b3,58,2025-04-17 08:06:20
54e86d94-343c-4033-8885-771c5a9cc154,1359152e-3f2a-4634-ae6e-b435d7e8e6b3,45,2025-04-17 10:04:00
d882b6e8-61e5-4c93-98c4-2b644e42017f,1359152e-3f2a-4634-ae6e-b435d7e8e6b3,47,2025-04-17 11:03:00
48a950c3-580f-41fe-a955-29e263b2a0b8,1359152e-3f2a-4634-ae6e-b435d7e8e6b3,51,2025-04-17 10:02:00
04ed26c2-a27b-4548-951b-adbaa94b3b2d,d458c8f1-8c19-460d-b2eb-8c89b2c378e9,22,2025-04-17 08:04:30
cb320679-66ec-4d2f-8927-e2a85940b2e3,d458c8f1-8c19-460d-b2eb-8c89b2c378e9,22,2025-04-17 15:00:00
be186fab-3cdf-4c62-b5f6-78afb03d600c,8b3a098c-caf2-4cb8-88cb-51969e83970e,31,2025-04-17 12:07:30
3439769e-e3d5-4870-9430-c4f5b5c549ae,d458c8f1-8c19-460d-b2eb-8c89b2c378e9,25,2025-04-17 12:00:00
a515512f-0a94-4ad1-99e8-03c8cdb3f404,d458c8f1-8c19-460d-b2eb-8c89b2c378e9,28,2025-04-17 09:08:00
870b528c-59a5-4fba-9698-41ee2555bdfc,d458c8f1-8c19-460d-b2eb-8c89b2c378e9,30,2025-04-17 11:01:30
f5cd0087-a7a1-4600-8c4f-9b615913a049,8b3a098c-caf2-4cb8-88cb-51969e83970e,25,2025-04-17 13:03:30
f0f9556c-ecaa-44c8-8e5b-2b6b0385d38b,d458c8f1-8c19-460d-b2eb-8c89b2c378e9,29,2025-04-17 09:07:10
2fd2fa94-a35d-41e3-9c56-af038ee5c229,d458c8f1-8c19-460d-b2eb-8c89b2c378e9,29,2025-04-17 09:07:00
73ad65c8-9bb2-46d6-bdce-603a5e738dc8,d458c8f1-8c19-460d-b2eb-8c89b2c378e9,29,2025-04-17 11:03:50
822d5206-285e-41b2-b3f7-b479a651d11e,8b3a098c-caf2-4cb8-88cb-51969e83970e,31,2025-04-17 15:01:30
51c66694-8fb3-428f-9d64-ce23e9f0181f,1359152e-3f2a-4634-ae6e-b435d7e8e6b3,40,2025-04-17 11:01:30
a89fb23f-56e1-478e-ac06-084dd4c28bf2,1359152e-3f2a-4634-ae6e-b435d7e8e6b3,40,2025-04-17 15:08:20
f370b6c6-54a4-4eb8-95cd-6380cd0586da,1359152e-3f2a-4634-ae6e-b435d7e8e6b3,60,2025-04-17 11:09:00
972287bf-9137-4845-920d-f0fdd95717a2,8b3a098c-caf2-4cb8-88cb-51969e83970e,27,2025-04-17 09:04:30
6a7a0cdd-87d4-4e10-b6b4-7018b1a78dd3,1359152e-3f2a-4634-ae6e-b435d7e8e6b3,59,2025-04-17 11:00:00
7b039985-8303-467e-899b-dcb4bcda208a,8b3a098c-caf2-4cb8-88cb-51969e83970e,28,2025-04-17 14:08:10
cf1f3a2d-3fc0-4a78-8f99-fcf5b6c5ee85,1359152e-3f2a-4634-ae6e-b435d7e8e6b3,48,2025-04-17 14:01:20
a9da25bc-94e2-4b69-8dd5-29ed088bb6fc,1359152e-3f2a-4634-ae6e-b435d7e8e6b3,60,2025-04-17 09:06:30
57a29c43-949c-469f-8bd8-3ccb14f17bf4,d458c8f1-8c19-460d-b2eb-8c89b2c378e9,25,2025-04-17 10:07:40
a612e99d-4a26-4361-8aba-dbaedea1d655,8b3a098c-caf2-4cb8-88cb-51969e83970e,24,2025-04-17 14:00:00
2ac1b5e4-5276-41fc-b970-b6dee0178499,d458c8f1-8c19-460d-b2eb-8c89b2c378e9,31,2025-04-17 15:02:10
151337f1-46e0-4959-960a-ab36fdc031dc,8b3a098c-caf2-4cb8-88cb-51969e83970e,27,2025-04-17 10:03:50
72364f8f-6101-4d5e-bdc0-c0fa3c1df0a4,1359152e-3f2a-4634-ae6e-b435d7e8e6b3,61,2025-04-17 08:04:20
540bf673-0365-4b22-ba20-e83d956065e6,d458c8f1-8c19-460d-b2eb-8c89b2c378e9,33,2025-04-17 11:09:40
49e7ccea-7fb8-4643-af44-54a2f79e55de,d458c8f1-8c19-460d-b2eb-8c89b2c378e9,33,2025-04-17 11:03:20
42790091-b244-414e-9a46-1c6fa7cd51f2,1359152e-3f2a-4634-ae6e-b435d7e8e6b3,49,2025-04-17 14:01:30
2cb9bfa5-a26b-46e3-8e09-6c079a66c5bd,1359152e-3f2a-4634-ae6e-b435d7e8e6b3,53,2025-04-17 13:07:10
43a16997-1db8-4260-9341-e6a7e2325811,1359152e-3f2a-4634-ae6e-b435d7e8e6b3,66,2025-04-17 10:07:50
4a717fc0-5d42-46ca-97a8-7dd31be5ea83,d458c8f1-8c19-460d-b2eb-8c89b2c378e9,25,2025-04-17 14:08:30
645af522-373d-45ea-91eb-e31ef9fa81c2,d458c8f1-8c19-460d-b2eb-8c89b2c378e9,23,2025-04-17 10:03:20
9a51d27a-9fe6-4da5-8f5c-08d4168bef01,8b3a098c-caf2-4cb8-88cb-51969e83970e,28,2025-04-17 14:06:10
b3cc0210-ea76-4b0c-b422-7ac70b38d09d,8b3a098c-caf2-4cb8-88cb-51969e83970e,26,2025-04-17 10:06:40
4889ce12-8634-4c3d-a0d7-d8bdc365ac04,8b3a098c-caf2-4cb8-88cb-51969e83970e,24,2025-04-17 10:06:30
d0318562-6533-43c6-b492-aa29e26ffe04,1359152e-3f2a-4634-ae6e-b435d7e8e6b3,52,2025-04-17 08:09:10
8619429d-6f14-491d-8aa4-a3ea622bc6ed,1359152e-3f2a-4634-ae6e-b435d7e8e6b3,68,2025-04-17 14:08:20
a2bfde97-43ff-46b2-8cc0-727592061de7,d458c8f1-8c19-460d-b2eb-8c89b2c378e9,33,2025-04-17 08:01:10
eb58f2a6-5c86-43bc-bb68-10d40cacc262,8b3a098c-caf2-4cb8-88cb-51969e83970e,33,2025-04-17 15:00:00
5ad75cf7-65ed-4ecc-a51f-35d61fd5adc0,d458c8f1-8c19-460d-b2eb-8c89b2c378e9,28,2025-04-17 15:04:50
590802b9-928b-46b2-9cc1-7a9b82ef9959,1359152e-3f2a-4634-ae6e-b435d7e8e6b3,50,2025-04-17 11:05:00
2debc7dc-155b-4ea1-b50e-8b1474452fa1,d458c8f1-8c19-460d-b2eb-8c89b2c378e9,26,2025-04-17 15:06:20
454cfcd7-27b6-45ff-85b3-ba5b4a8d97c9,1359152e-3f2a-4634-ae6e-b435d7e8e6b3,56,2025-04-17 09:05:50
4b3d16c5-674e-4aac-8622-8ec0eb5164e8,1359152e-3f2a-4634-ae6e-b435d7e8e6b3,58,2025-04-17 12:06:50
9c7fb8e1-a341-40e8-b15c-50cd8658dcce,8b3a098c-caf2-4cb8-88cb-51969e83970e,26,2025-04-17 11:01:50
099ae4e7-5f21-49df-9bdd-41ba456c596d,d458c8f1-8c19-460d-b2eb-8c89b2c378e9,22,2025-04-17 14:05:50
7eb28d27-7e76-436b-a842-9e76c73437d0,d458c8f1-8c19-460d-b2eb-8c89b2c378e9,26,2025-04-17 10:01:30
80d20fb5-bd18-4049-aec0-e73f42deeaec,8b3a098c-caf2-4cb8-88cb-51969e83970e,30,2025-04-17 13:05:50
c9073d5d-7e10-4f05-af72-1bb3f7d3087d,8b3a098c-caf2-4cb8-88cb-51969e83970e,26,2025-04-17 12:02:50
422c024b-2ade-4b08-ad3f-2d96a78d8147,8b3a098c-caf2-4cb8-88cb-51969e83970e,21,2025-04-17 14:00:50
7d833f64-222a-4d12-8769-40c65c77c294,8b3a098c-caf2-4cb8-88cb-51969e83970e,23,2025-04-17 15:04:10
3df0a4fb-bc96-4465-aa13-7a80b30d0b45,1359152e-3f2a-4634-ae6e-b435d7e8e6b3,40,2025-04-17 08:07:20
7ef5a5a7-64c2-447b-bf37-890ec5ce2513,1359152e-3f2a-4634-ae6e-b435d7e8e6b3,67,2025-04-17 08:08:00
8a24922a-cc0f-4e55-85a0-9a7603faf779,d458c8f1-8c19-460d-b2eb-8c89b2c378e9,31,2025-04-17 15:08:50
3db19faf-7101-4943-8ff7-e28e6037bf8a,d458c8f1-8c19-460d-b2eb-8c89b2c378e9,29,2025-04-17 08:06:20
cd6646a7-871a-4419-a25f-02c91d6d2050,d458c8f1-8c19-460d-b2eb-8c89b2c378e9,32,2025-04-17 15:07:10
c9cce098-4e54-4bf6-99f0-1b9d07610fe5,1359152e-3f2a-4634-ae6e-b435d7e8e6b3,41,2025-04-17 09:08:30
20195c7e-0447-492c-8e00-e74dde5c2727,d458c8f1-8c19-460d-b2eb-8c89b2c378e9,22,2025-04-17 10:07:00
43782c73-58c7-4849-88a3-754ce03f6b3e,8b3a098c-caf2-4cb8-88cb-51969e83970e,21,2025-04-17 11:05:40
ba48b45a-5e94-4fc3-b8a5-63291dafd71b,d458c8f1-8c19-460d-b2eb-8c89b2c378e9,33,2025-04-17 10:07:50
f27ad7f9-9368-4638-a7da-367a0cc63ff9,d458c8f1-8c19-460d-b2eb-8c89b2c378e9,28,2025-04-17 11:07:10
fc1760b2-05da-4694-8af9-81f4ca8b2cf3,d458c8f1-8c19-460d-b2eb-8c89b2c378e9,21,2025-04-17 15:05:50
3aad0ad4-6799-42bc-a5fe-8281d03603c1,1359152e-3f2a-4634-ae6e-b435d7e8e6b3,45,2025-04-17 13:06:40
7897783e-7c1f-4e91-a277-e51a94e35e31,8b3a098c-caf2-4cb8-88cb-51969e83970e,29,2025-04-17 11:04:20
116d0640-abb9-44a3-9037-14ae7c94255e,8b3a098c-caf2-4cb8-88cb-51969e83970e,31,2025-04-17 09:08:50
0db3d94c-d29b-45e9-9f46-feacf16bc382,8b3a098c-caf2-4cb8-88cb-51969e83970e,22,2025-04-17 15:04:40
81f387dc-0130-411d-bde9-400b16e27920,d458c8f1-8c19-460d-b2eb-8c89b2c378e9,24,2025-04-17 14:01:00
c12bec14-c1d5-495f-aaf0-498f7ab22e62,1359152e-3f2a-4634-ae6e-b435d7e8e6b3,51,2025-04-17 09:00:10
6da48025-a240-4a93-b392-eb669d63c58b,8b3a098c-caf2-4cb8-88cb-51969e83970e,28,2025-04-17 13:06:30
e3c109eb-03cd-48e3-83d5-7630feeb3336,d458c8f1-8c19-460d-b2eb-8c89b2c378e9,22,2025-04-17 09:06:50
5e6fb23a-6291-40db-b29f-d39cbcb42d1d,d458c8f1-8c19-460d-b2eb-8c89b2c378e9,25,2025-04-17 12:01:00
24998bac-ed0f-47f8-a4d8-cf6ec98eacf5,d458c8f1-8c19-460d-b2eb-8c89b2c378e9,27,2025-04-17 10:09:30
8840835a-adbb-4eb7-9273-5bb2d32a941d,8b3a098c-caf2-4cb8-88cb-51969e83970e,32,2025-04-17 14:09:10
a5a50bc2-4d3b-4796-b35e-0b0e61dc85c3,1359152e-3f2a-4634-ae6e-b435d7e8e6b3,58,2025-04-17 12:01:50
72a9c2fb-ec2a-4b61-8af9-704f90b46a17,d458c8f1-8c19-460d-b2eb-8c89b2c378e9,27,2025-04-17 10:01:10
98bab060-0edc-45df-89cc-12ad496e53b6,d458c8f1-8c19-460d-b2eb-8c89b2c378e9,25,2025-04-17 10:00:40
8dbd7e30-0e6d-45a9-a379-983665e84aa9,d458c8f1-8c19-460d-b2eb-8c89b2c378e9,30,2025-04-17 14:01:30
4df85805-123a-49c0-8324-e96e2c67271b,8b3a098c-caf2-4cb8-88cb-51969e83970e,24,2025-04-17 10:09:50
6d5eac54-b5e2-4058-9272-c98bbe7bc24c,d458c8f1-8c19-460d-b2eb-8c89b2c378e9,26,2025-04-17 15:08:20
9003f81f-1828-47ad-8b3d-6562e0077bdd,d458c8f1-8c19-460d-b2eb-8c89b2c378e9,27,2025-04-17 15:05:40
1870e211-20ab-472a-8159-e4f32fd41296,1359152e-3f2a-4634-ae6e-b435d7e8e6b3,60,2025-04-17 11:07:20
8a01504a-3cdc-4154-884c-22b6e8e00793,8b3a098c-caf2-4cb8-88cb-51969e83970e,32,2025-04-17 12:00:20
1cb05a14-62e4-4ec5-835b-5d8a1e9c7642,1359152e-3f2a-4634-ae6e-b435d7e8e6b3,60,2025-04-17 08:08:20
32e8e606-80cd-4a34-ae30-72733ca698be,d458c8f1-8c19-460d-b2eb-8c89b2c378e9,31,2025-04-17 13:00:10
f44abfd0-6813-49a0-8440-2beabf093024,d458c8f1-8c19-460d-b2eb-8c89b2c378e9,29,2025-04-17 13:08:40
993ccaeb-d05e-493a-9486-4a2a25fd4610,8b3a098c-caf2-4cb8-88cb-51969e83970e,23,2025-04-17 10:05:00
5bd74326-a6f9-4d1a-a8a5-e559016c62bb,1359152e-3f2a-4634-ae6e-b435d7e8e6b3,66,2025-04-17 14:00:30
505d7eb8-bf8a-431f-92e1-9341c37978d1,8b3a098c-caf2-4cb8-88cb-51969e83970e,21,2025-04-17 13:06:40
fa6ed6a2-98a4-4bd5-8bad-99d87b5c4dfb,8b3a098c-caf2-4cb8-88cb-51969e83970e,21,2025-04-17 15:05:20
bb5c67c3-8ef2-4ade-9260-5e51c8cba083,d458c8f1-8c19-460d-b2eb-8c89b2c378e9,27,2025-04-17 09:08:10
2efe72df-d641-40de-add6-9cb8842137ac,8b3a098c-caf2-4cb8-88cb-51969e83970e,32,2025-04-17 12:04:30
7730a212-6f9d-41d5-99cd-42536f27011d,8b3a098c-caf2-4cb8-88cb-51969e83970e,22,2025-04-17 13:05:30
5d958c9d-c229-4a5d-a331-b13eff6a5554,1359152e-3f2a-4634-ae6e-b435d7e8e6b3,58,2025-04-17 08:06:10
a7fdc73b-6dcb-48cc-a544-a1c184a9d326,1359152e-3f2a-4634-ae6e-b435d7e8e6b3,46,2025-04-17 15:03:00
898e4edc-b147-4bdb-9ef7-d34e4edbd3d3,1359152e-3f2a-4634-ae6e-b435d7e8e6b3,43,2025-04-17 14:00:10
9c8843f5-5d09-45b6-9b3a-e53e7a40c3d2,d458c8f1-8c19-460d-b2eb-8c89b2c378e9,23,2025-04-17 08:06:00
729dffb3-5206-4391-8da7-3a69497edc29,1359152e-3f2a-4634-ae6e-b435d7e8e6b3,48,2025-04-17 12:00:00
b0748f49-36dd-4276-acf2-cf4efb25d0d8,8b3a098c-caf2-4cb8-88cb-51969e83970e,35,2025-04-17 11:00:20
4ca65866-5427-4f22-a6ab-25b2f16f7ca3,1359152e-3f2a-4634-ae6e-b435d7e8e6b3,42,2025-04-17 15:03:40
6cc9c046-c0fe-4942-be48-8d397ec2e76e,8b3a098c-caf2-4cb8-88cb-51969e83970e,34,2025-04-17 08:08:30
91f9a1d1-08c5-47fd-9a4a-d542dfb9a3b4,8b3a098c-caf2-4cb8-88cb-51969e83970e,23,2025-04-17 08:09:40
791a7b61-3fb7-4ce3-a0ee-9c4604a44429,1359152e-3f2a-4634-ae6e-b435d7e8e6b3,64,2025-04-17 13:05:40
d8ec908e-1698-4c9e-a04e-70ae323475d8,1359152e-3f2a-4634-ae6e-b435d7e8e6b3,54,2025-04-17 14:01:50
a0bb6f0c-a978-4da4-a6bf-69ef9a7d6334,1359152e-3f2a-4634-ae6e-b435d7e8e6b3,57,2025-04-17 11:04:50
df5e728f-ff5d-4043-85d3-d087b6b2b95f,8b3a098c-caf2-4cb8-88cb-51969e83970e,29,2025-04-17 15:00:50
8840811f-e79a-43ef-99f0-343cc3e648f8,8b3a098c-caf2-4cb8-88cb-51969e83970e,33,2025-04-17 11:00:10
b7baa61d-ba47-4dcf-8788-7eead5ad16eb,1359152e-3f2a-4634-ae6e-b435d7e8e6b3,42,2025-04-17 08:00:00
e828f7f6-0816-418e-afc5-3a4f6fdf51f0,8b3a098c-caf2-4cb8-88cb-51969e83970e,22,2025-04-17 11:04:40
c5533d17-f06b-4364-acf3-2d07aba3ee59,d458c8f1-8c19-460d-b2eb-8c89b2c378e9,31,2025-04-17 13:07:00
6baf58b2-b9b3-467f-a184-33404b5d64c3,8b3a098c-caf2-4cb8-88cb-51969e83970e,34,2025-04-17 11:03:40
8e0630b1-7321-405a-aa78-0f1a78d72bfe,1359152e-3f2a-4634-ae6e-b435d7e8e6b3,54,2025-04-17 15:07:20
66397920-b519-496b-ba6d-23d20b019eb4,d458c8f1-8c19-460d-b2eb-8c89b2c378e9,24,2025-04-17 09:08:30
c7596b81-5fc5-4f22-b2d2-8fb4e0e0ac57,8b3a098c-caf2-4cb8-88cb-51969e83970e,29,2025-04-17 15:00:40
dd94ca64-c3c1-4e70-9fa7-3a4bb2b5ea50,8b3a098c-caf2-4cb8-88cb-51969e83970e,23,2025-04-17 15:08:20
16cf9f97-f1bf-424d-af17-0e55cb31ab16,8b3a098c-caf2-4cb8-88cb-51969e83970e,30,2025-04-17 12:06:40
2b136361-b622-48db-b958-12f3a42206a6,d458c8f1-8c19-460d-b2eb-8c89b2c378e9,21,2025-04-17 09:01:00
17da0dac-f9a5-4a09-bdd8-2cdb462b2439,8b3a098c-caf2-4cb8-88cb-51969e83970e,22,2025-04-17 12:04:00
781d340c-3987-45c1-8bbe-c7d9b0b5d358,d458c8f1-8c19-460d-b2eb-8c89b2c378e9,28,2025-04-17 09:02:40
ba866420-d4fa-461b-8b6f-a4b3f1b83b2f,8b3a098c-caf2-4cb8-88cb-51969e83970e,34,2025-04-17 09:05:00
346ddead-98b6-4c45-a713-eb2c40981f7e,1359152e-3f2a-4634-ae6e-b435d7e8e6b3,43,2025-04-17 10:01:50
69bc9ff0-e2d4-46d9-926b-5ea71f4ee70f,1359152e-3f2a-4634-ae6e-b435d7e8e6b3,68,2025-04-17 13:02:30
07776c9e-ac7c-43eb-9617-623b75991192,d458c8f1-8c19-460d-b2eb-8c89b2c378e9,27,2025-04-17 15:05:10
2f213c02-91f5-4b15-9103-8d789a159d69,d458c8f1-8c19-460d-b2eb-8c89b2c378e9,29,2025-04-17 15:06:30
1bebb7b2-555b-46c7-b0a4-a137d0388b7c,d458c8f1-8c19-460d-b2eb-8c89b2c378e9,28,2025-04-17 13:05:50
2caee141-e5a0-42c5-9bd5-40b10c49fe78,8b3a098c-caf2-4cb8-88cb-51969e83970e,28,2025-04-17 12:05:30
8bf112ea-141a-46a3-b304-deeb86c376d2,8b3a098c-caf2-4cb8-88cb-51969e83970e,34,2025-04-17 13:08:10
987092e5-aa5f-4ae6-8e0f-877e61f41a87,8b3a098c-caf2-4cb8-88cb-51969e83970e,21,2025-04-17 09:03:10
52291052-12b4-41e7-ba83-93aecf80a7b0,1359152e-3f2a-4634-ae6e-b435d7e8e6b3,68,2025-04-17 15:09:40
1758ed0e-2444-4e33-af2a-5327d5d4dc82,1359152e-3f2a-4634-ae6e-b435d7e8e6b3,61,2025-04-17 08:07:50
bb21bc0b-5163-408c-938d-b2f37ee8585a,d458c8f1-8c19-460d-b2eb-8c89b2c378e9,22,2025-04-17 11:04:50
78c27673-4fe7-4a7f-86ac-62c6688e1767,1359152e-3f2a-4634-ae6e-b435d7e8e6b3,50,2025-04-17 12:04:10
e699c3f5-58d6-4547-8095-2d3d56ccd883,d458c8f1-8c19-460d-b2eb-8c89b2c378e9,28,2025-04-17 08:03:10
6d8fe92b-0b10-44fa-9854-be0c91a236ea,1359152e-3f2a-4634-ae6e-b435d7e8e6b3,44,2025-04-17 10:04:10
26ac2023-47f2-48bc-80ef-608ec47c856b,8b3a098c-caf2-4cb8-88cb-51969e83970e,30,2025-04-17 15:01:20
5785d3e3-162d-48e7-bcd0-9b9f655e7828,8b3a098c-caf2-4cb8-88cb-51969e83970e,32,2025-04-17 10:02:50
d5362978-4ad4-4505-a62e-7a08b664f39b,d458c8f1-8c19-460d-b2eb-8c89b2c378e9,22,2025-04-17 11:05:30
62bb5b74-8be9-4bff-b692-d29ec1c16a8f,d458c8f1-8c19-460d-b2eb-8c89b2c378e9,34,2025-04-17 11:08:50
a4558870-6362-4a2d-a934-4adb938fb5ed,d458c8f1-8c19-460d-b2eb-8c89b2c378e9,21,2025-04-17 10:06:20
3e1dac13-33b6-42fe-8019-d537c882bc43,d458c8f1-8c19-460d-b2eb-8c89b2c378e9,21,2025-04-17 08:00:10
2d59fbf1-ec70-4199-8ac5-22b5e1afff51,d458c8f1-8c19-460d-b2eb-8c89b2c378e9,32,2025-04-17 10:06:50
161e7580-9831-4533-828f-2d89cb95018a,8b3a098c-caf2-4cb8-88cb-51969e83970e,22,2025-04-17 12:06:00
c8dea0ed-60bb-4860-aad3-77bb25063644,8b3a098c-caf2-4cb8-88cb-51969e83970e,20,2025-04-17 09:07:00
614aa08e-ba15-4065-b7bb-7e7903dcd620,d458c8f1-8c19-460d-b2eb-8c89b2c378e9,34,2025-04-17 11:08:30
49e65de4-9940-4886-a5b8-10cfe773f43d,8b3a098c-caf2-4cb8-88cb-51969e83970e,29,2025-04-17 15:08:30
48ae8c77-d571-41a3-8077-04f14e235a3b,1359152e-3f2a-4634-ae6e-b435d7e8e6b3,69,2025-04-17 11:03:20
f7eee548-0c5f-4dd8-96d3-88a096ef71fe,d458c8f1-8c19-460d-b2eb-8c89b2c378e9,23,2025-04-17 13:01:10
a3815b54-7ced-46d2-a7ae-f5d2eade8521,1359152e-3f2a-4634-ae6e-b435d7e8e6b3,57,2025-04-17 14:04:10
74cd6264-9c18-4f6e-96a4-ae9fce6fdfd0,1359152e-3f2a-4634-ae6e-b435d7e8e6b3,57,2025-04-17 13:00:30
85594544-986e-4847-a677-428a7653c34d,d458c8f1-8c19-460d-b2eb-8c89b2c378e9,33,2025-04-17 11:02:50
fcaa39f3-4f70-458a-a346-356c6b1d2df8,1359152e-3f2a-4634-ae6e-b435d7e8e6b3,70,2025-04-17 09:09:40
14c7a6ad-83fa-4c4b-a9d6-2c7c0ba017a6,1359152e-3f2a-4634-ae6e-b435d7e8e6b3,55,2025-04-17 15:02:10
c87c397d-34dc-47d1-bb2e-afbe666f9136,1359152e-3f2a-4634-ae6e-b435d7e8e6b3,57,2025-04-17 11:08:30
37a89094-1eef-4874-a75c-7fa4c82e3ace,8b3a098c-caf2-4cb8-88cb-51969e83970e,24,2025-04-17 15:09:20
ad5028e1-ec34-433b-a06d-c2b0279e224f,1359152e-3f2a-4634-ae6e-b435d7e8e6b3,54,2025-04-17 15:07:30
1d5d38c7-5f72-43db-abcf-4059859355c5,d458c8f1-8c19-460d-b2eb-8c89b2c378e9,22,2025-04-17 09:06:30
a136e346-74ee-43bd-841e-fe12d6672fae,1359152e-3f2a-4634-ae6e-b435d7e8e6b3,48,2025-04-17 09:03:40
9599bf5d-bc46-4990-82c2-686b731aa739,1359152e-3f2a-4634-ae6e-b435d7e8e6b3,48,2025-04-17 08:04:30
61653f08-e0f4-4bc4-8ad0-bb6ba8c4b499,d458c8f1-8c19-460d-b2eb-8c89b2c378e9,26,2025-04-17 12:00:10
0e8605df-470a-4d35-a20a-cf19229ae7f8,8b3a098c-caf2-4cb8-88cb-51969e83970e,26,2025-04-17 09:05:40
c5c7f71c-403a-4f7c-9b6b-beb80ad04cd1,8b3a098c-caf2-4cb8-88cb-51969e83970e,34,2025-04-17 13:09:20
85906f90-5ea6-4cc5-a59b-0b4a13f63393,1359152e-3f2a-4634-ae6e-b435d7e8e6b3,52,2025-04-17 10:07:30
793d829d-b1fa-4eb4-9896-44d853cbddbf,1359152e-3f2a-4634-ae6e-b435d7e8e6b3,58,2025-04-17 09:03:00
af2a742b-75d2-445e-9e4a-31921f953a6e,8b3a098c-caf2-4cb8-88cb-51969e83970e,23,2025-04-17 10:07:40
5f6b338f-0f32-4572-8b02-08b4e5c46d75,1359152e-3f2a-4634-ae6e-b435d7e8e6b3,67,2025-04-17 15:05:10
ca401544-36cc-4fd2-acda-b31282213534,1359152e-3f2a-4634-ae6e-b435d7e8e6b3,48,2025-04-17 13:03:30
00b00603-1ee0-4529-baa0-cd898a59771c,1359152e-3f2a-4634-ae6e-b435d7e8e6b3,67,2025-04-17 09:06:00
b01b321c-60eb-48fa-bf6f-bdb2e7b16ebb,d458c8f1-8c19-460d-b2eb-8c89b2c378e9,25,2025-04-17 13:03:20
8551e752-40ee-4084-94c2-eca7ccb7c0e7,8b3a098c-caf2-4cb8-88cb-51969e83970e,32,2025-04-17 14:02:50
5d6999d1-90a0-457e-98b5-8786391c0b9d,8b3a098c-caf2-4cb8-88cb-51969e83970e,33,2025-04-17 09:04:10
247a20ee-3a09-4e4d-a53a-34337569f56f,1359152e-3f2a-4634-ae6e-b435d7e8e6b3,46,2025-04-17 11:03:30
c0540bf3-0bec-44b6-8e8c-4f956f04dd61,1359152e-3f2a-4634-ae6e-b435d7e8e6b3,53,2025-04-17 08:01:30
c5d8612a-c013-43e2-a5e1-8c10871c93b2,d458c8f1-8c19-460d-b2eb-8c89b2c378e9,21,2025-04-17 10:02:30
0672afec-963c-4f39-a4af-b1a8796993b7,8b3a098c-caf2-4cb8-88cb-51969e83970e,29,2025-04-17 12:07:20
892513bd-0040-41a8-99bf-05dcd1ae1f5a,8b3a098c-caf2-4cb8-88cb-51969e83970e,28,2025-04-17 09:06:00
a4a7c37a-1073-4ed5-b9cc-60dfb0038bd4,1359152e-3f2a-4634-ae6e-b435d7e8e6b3,58,2025-04-17 14:05:40
af7f0d2b-bc99-4d6d-bd67-a45727bd4a0e,d458c8f1-8c19-460d-b2eb-8c89b2c378e9,24,2025-04-17 15:05:20
a4567c57-3ac2-41b6-adaf-03af97d9a82d,8b3a098c-caf2-4cb8-88cb-51969e83970e,21,2025-04-17 14:04:00
169587a2-8605-485a-8499-b43931050360,d458c8f1-8c19-460d-b2eb-8c89b2c378e9,30,2025-04-17 15:06:10
7ed94f89-4d3b-4738-824e-8843310bb48d,d458c8f1-8c19-460d-b2eb-8c89b2c378e9,20,2025-04-17 09:03:50
49a2434c-87b7-4235-835a-7d01a9894f0f,1359152e-3f2a-4634-ae6e-b435d7e8e6b3,40,2025-04-17 15:09:50
6d3d940b-99c7-4c05-9d11-1d29bc9bb586,8b3a098c-caf2-4cb8-88cb-51969e83970e,34,2025-04-17 15:08:00
a9a3c9b1-6267-49c9-b6c1-047abf0a4f1d,d458c8f1-8c19-460d-b2eb-8c89b2c378e9,26,2025-04-17 12:06:50
be98f178-581d-4a52-9edc-c26ea4b3e916,d458c8f1-8c19-460d-b2eb-8c89b2c378e9,23,2025-04-17 10:06:00
37c2eb54-e522-40d9-9760-9cb0c9b1f5e1,1359152e-3f2a-4634-ae6e-b435d7e8e6b3,53,2025-04-17 14:05:10
68d3bd83-c9f8-46d9-82a7-93a439806493,1359152e-3f2a-4634-ae6e-b435d7e8e6b3,42,2025-04-17 08:02:40
bcd59f9e-66e8-412d-8fbd-78c24be4e44b,1359152e-3f2a-4634-ae6e-b435d7e8e6b3,55,2025-04-17 10:09:30
21a724c5-d551-40c8-8536-e82cb9c09cc6,d458c8f1-8c19-460d-b2eb-8c89b2c378e9,28,2025-04-17 09:01:30
c0e83feb-cacc-408c-a8fe-80ab5b8799ec,d458c8f1-8c19-460d-b2eb-8c89b2c378e9,21,2025-04-17 11:02:00
6a6d52e6-ecb8-4ce3-a774-7ad9540feb3b,d458c8f1-8c19-460d-b2eb-8c89b2c378e9,34,2025-04-17 09:02:20
76021901-4fb2-4bb5-a2d2-97f398f1e98c,8b3a098c-caf2-4cb8-88cb-51969e83970e,22,2025-04-17 15:09:40
06c38855-ee59-4ba6-97fc-afc601bb903d,d458c8f1-8c19-460d-b2eb-8c89b2c378e9,20,2025-04-17 14:04:10
087a9768-099b-4e96-a40d-835438ca4143,d458c8f1-8c19-460d-b2eb-8c89b2c378e9,31,2025-04-17 14:08:20
12c717bb-af10-4fd1-951f-08029dde56e4,8b3a098c-caf2-4cb8-88cb-51969e83970e,30,2025-04-17 14:06:00
267fe273-f981-489a-9398-5852e9aba33b,d458c8f1-8c19-460d-b2eb-8c89b2c378e9,30,2025-04-17 08:03:30
d9148139-6619-47b9-96dd-f3e16dda91b8,8b3a098c-caf2-4cb8-88cb-51969e83970e,21,2025-04-17 14:01:30
bf3b9b86-bbe4-4fd8-a2a6-c78d7fb4aafc,8b3a098c-caf2-4cb8-88cb-51969e83970e,25,2025-04-17 11:00:30
dd91a937-2d9e-4c8f-836e-90adf72829e4,8b3a098c-caf2-4cb8-88cb-51969e83970e,32,2025-04-17 14:06:20
b600d443-58fc-4ea6-977b-d5702039358b,1359152e-3f2a-4634-ae6e-b435d7e8e6b3,70,2025-04-17 14:06:30
a6d5a2bc-7f23-4db7-a69e-4c4c6c9bd0c2,d458c8f1-8c19-460d-b2eb-8c89b2c378e9,33,2025-04-17 12:08:50
08803c3a-f76f-4290-a63f-15355daa4f8e,d458c8f1-8c19-460d-b2eb-8c89b2c378e9,28,2025-04-17 11:00:10
e0189251-eef2-457a-8748-c5a288ab2c69,1359152e-3f2a-4634-ae6e-b435d7e8e6b3,43,2025-04-17 09:09:50
ec0f20ef-9be8-4fec-857b-10c1b5af4bfb,8b3a098c-caf2-4cb8-88cb-51969e83970e,26,2025-04-17 15:02:00
c7e89df5-1a66-41ce-92d5-6e22e82f9e2a,8b3a098c-caf2-4cb8-88cb-51969e83970e,27,2025-04-17 12:04:50
e49d9213-9bd8-4fa7-916c-0e980fc4de4d,1359152e-3f2a-4634-ae6e-b435d7e8e6b3,65,2025-04-17 10:09:20
e714543d-1b32-445c-94f1-ccd3af93cdb9,1359152e-3f2a-4634-ae6e-b435d7e8e6b3,58,2025-04-17 09:06:20
00bc6f47-b7c8-45a4-b9ae-5fbccce9c48a,1359152e-3f2a-4634-ae6e-b435d7e8e6b3,61,2025-04-17 10:08:30
99e58744-8505-4ac5-9df6-9dc265a7b668,1359152e-3f2a-4634-ae6e-b435d7e8e6b3,42,2025-04-17 13:03:00
d413de8b-5e51-4417-8da0-4ee5a0a903fd,8b3a098c-caf2-4cb8-88cb-51969e83970e,33,2025-04-17 15:01:50
f124a581-dcf4-4892-9aef-5642f56d17fc,1359152e-3f2a-4634-ae6e-b435d7e8e6b3,49,2025-04-17 12:01:10
3b40dc12-afa4-4912-81f4-c328df0f8eb3,1359152e-3f2a-4634-ae6e-b435d7e8e6b3,50,2025-04-17 09:04:30
61c9f914-5395-4dac-87c1-fe46f33678e8,1359152e-3f2a-4634-ae6e-b435d7e8e6b3,49,2025-04-17 15:01:20
a6e044b6-7ab8-4b2e-bbce-b860d2cca9fc,d458c8f1-8c19-460d-b2eb-8c89b2c378e9,34,2025-04-17 13:04:30
6c09abd0-46f2-47f9-b54b-5718020ff348,1359152e-3f2a-4634-ae6e-b435d7e8e6b3,55,2025-04-17 13:02:40
92077181-5191-44b1-bbdc-d32f2ceddc55,1359152e-3f2a-4634-ae6e-b435d7e8e6b3,42,2025-04-17 09:07:10
57125642-3de7-4b43-bb1c-28069cfa1847,d458c8f1-8c19-460d-b2eb-8c89b2c378e9,27,2025-04-17 15:02:40
2b789a89-128d-4841-a4e7-c5a322dbacdc,8b3a098c-caf2-4cb8-88cb-51969e83970e,20,2025-04-17 12:01:10
589397ab-86f9-400b-9c48-3af4206a0e4e,1359152e-3f2a-4634-ae6e-b435d7e8e6b3,54,2025-04-17 13:03:40
1eae697a-2ed2-44b0-b173-0e45f072c3aa,d458c8f1-8c19-460d-b2eb-8c89b2c378e9,22,2025-04-17 08:09:20
458af061-da60-45d5-a3e1-5e5d97c5d9cb,8b3a098c-caf2-4cb8-88cb-51969e83970e,28,2025-04-17 08:08:20
49c857d5-2b87-491b-8503-cf9c32c3c17d,1359152e-3f2a-4634-ae6e-b435d7e8e6b3,65,2025-04-17 11:02:10
984445f7-bd17-44b7-9add-4b7121fa2a6c,1359152e-3f2a-4634-ae6e-b435d7e8e6b3,67,2025-04-17 08:03:40
0de5ed65-a39f-4c42-a00d-f98b704e98d2,8b3a098c-caf2-4cb8-88cb-51969e83970e,30,2025-04-17 10:06:50
b4445a26-b778-4ddc-a1b5-57fe427a7cfa,1359152e-3f2a-4634-ae6e-b435d7e8e6b3,61,2025-04-17 13:08:00
0ecd1a57-d49f-4ce5-9046-f49bef6a4d56,d458c8f1-8c19-460d-b2eb-8c89b2c378e9,20,2025-04-17 10:04:00
9eb81557-fffb-4fe3-be2d-b527acf28b15,1359152e-3f2a-4634-ae6e-b435d7e8e6b3,68,2025-04-17 12:07:40
90fcf13d-4db0-4dd8-8263-201460f581aa,d458c8f1-8c19-460d-b2eb-8c89b2c378e9,34,2025-04-17 14:03:20
00b07035-e1e3-4dbe-b817-63b226de01f2,1359152e-3f2a-4634-ae6e-b435d7e8e6b3,42,2025-04-17 13:00:00
f661b2b2-fa39-4895-a494-14854fb9eb4d,1359152e-3f2a-4634-ae6e-b435d7e8e6b3,46,2025-04-17 14:03:30
d67779d6-9ec2-42f9-8211-ab5500673aa3,1359152e-3f2a-4634-ae6e-b435d7e8e6b3,41,2025-04-17 15:02:50
1bacd9d2-64c4-4164-9817-f3997fb3b8e1,8b3a098c-caf2-4cb8-88cb-51969e83970e,22,2025-04-17 11:02:20
15900066-fe8f-4484-8259-dc2f6044b3e4,d458c8f1-8c19-460d-b2eb-8c89b2c378e9,28,2025-04-17 08:03:40
c1cddc47-a5de-4d0d-9752-59946218a3e0,d458c8f1-8c19-460d-b2eb-8c89b2c378e9,32,2025-04-17 09:07:40
3e555051-daeb-4194-8fce-b858165e468f,d458c8f1-8c19-460d-b2eb-8c89b2c378e9,25,2025-04-17 12:08:20
6a2402d1-ce9f-47c8-9b3e-58378fe4da28,1359152e-3f2a-4634-ae6e-b435d7e8e6b3,66,2025-04-17 12:06:20
5041305f-489d-4a63-9e4d-ab2d056d01fd,1359152e-3f2a-4634-ae6e-b435d7e8e6b3,63,2025-04-17 15:07:50
5ef4e04d-3c07-4331-b7b1-c9b3ee566e18,1359152e-3f2a-4634-ae6e-b435d7e8e6b3,64,2025-04-17 10:03:30
86bbbf01-c765-4953-a8d3-da3d80798400,8b3a098c-caf2-4cb8-88cb-51969e83970e,33,2025-04-17 11:02:00
15761496-41ee-44f3-be7b-c5375e03b2ac,1359152e-3f2a-4634-ae6e-b435d7e8e6b3,46,2025-04-17 10:08:10
48d83860-eb06-4253-a568-114f69ce14ac,1359152e-3f2a-4634-ae6e-b435d7e8e6b3,53,2025-04-17 12:04:20
39965227-78b7-4476-9a3c-5ede9d4788bd,1359152e-3f2a-4634-ae6e-b435d7e8e6b3,47,2025-04-17 14:02:10
e12ff520-966d-4893-bd81-9df8852af4fe,d458c8f1-8c19-460d-b2eb-8c89b2c378e9,20,2025-04-17 10:02:20
5981310b-c95a-4943-892d-9d44991e5676,d458c8f1-8c19-460d-b2eb-8c89b2c378e9,33,2025-04-17 09:01:40
9ea68998-2be3-4bd7-90db-6614d5efb494,8b3a098c-caf2-4cb8-88cb-51969e83970e,25,2025-04-17 10:02:40
734cff35-1c83-45b9-a283-c975dda014c2,8b3a098c-caf2-4cb8-88cb-51969e83970e,22,2025-04-17 10:04:20
3a63a147-4f7e-4af6-bd08-75f278e73288,d458c8f1-8c19-460d-b2eb-8c89b2c378e9,29,2025-04-17 13:08:00
3ea4fde2-f938-48d8-a0a9-1c45cb98ba62,8b3a098c-caf2-4cb8-88cb-51969e83970e,27,2025-04-17 09:02:20
325c9136-1225-4715-b293-13deee983b1a,8b3a098c-caf2-4cb8-88cb-51969e83970e,34,2025-04-17 09:00:20
7457c399-1241-4395-be8d-7dabc739020e,d458c8f1-8c19-460d-b2eb-8c89b2c378e9,33,2025-04-17 14:07:00
df41ceda-5302-4afb-b305-55a6757bc6d1,d458c8f1-8c19-460d-b2eb-8c89b2c378e9,33,2025-04-17 15:02:00
0e8574d1-632d-4d88-ab75-57c9912ee453,8b3a098c-caf2-4cb8-88cb-51969e83970e,30,2025-04-17 09:02:50
c12a306b-ddd7-4312-85fb-19f52f5b934e,8b3a098c-caf2-4cb8-88cb-51969e83970e,23,2025-04-17 15:00:30
89e202ca-241e-4cd4-b156-c61d9ad8f2ed,8b3a098c-caf2-4cb8-88cb-51969e83970e,22,2025-04-17 11:01:00
36aaeade-ac33-4ee0-959b-85b3c9695c10,d458c8f1-8c19-460d-b2eb-8c89b2c378e9,24,2025-04-17 15:05:00
b9158e86-9d9b-40f2-a639-3669121809f8,d458c8f1-8c19-460d-b2eb-8c89b2c378e9,34,2025-04-17 14:06:20
dbb11c8b-181a-415e-8041-1366fbe87d8d,1359152e-3f2a-4634-ae6e-b435d7e8e6b3,46,2025-04-17 09:01:30
404a17a6-a09c-4821-a591-f4d107ba9734,8b3a098c-caf2-4cb8-88cb-51969e83970e,23,2025-04-17 13:00:30
8f4b2f2f-9694-43a2-977a-3aa66ceea4c3,1359152e-3f2a-4634-ae6e-b435d7e8e6b3,61,2025-04-17 09:00:50
4be0247d-92f1-415b-9a9a-69d2d3a6370f,d458c8f1-8c19-460d-b2eb-8c89b2c378e9,22,2025-04-17 13:06:20
02e91098-6c1e-4770-820f-e5b7f5de8ba1,d458c8f1-8c19-460d-b2eb-8c89b2c378e9,27,2025-04-17 09:04:00
45058a9a-f332-4454-8473-c2c987ec6aef,8b3a098c-caf2-4cb8-88cb-51969e83970e,26,2025-04-17 15:06:10
f1e50f39-09e7-41b0-8de5-2303b16b7bad,d458c8f1-8c19-460d-b2eb-8c89b2c378e9,22,2025-04-17 10:01:20
ba207397-241b-44c4-9d8e-ef749ae240ae,1359152e-3f2a-4634-ae6e-b435d7e8e6b3,41,2025-04-17 11:07:00
0045157a-f106-4fad-960e-df7479f9cc21,d458c8f1-8c19-460d-b2eb-8c89b2c378e9,22,2025-04-17 10:06:10
2715753d-5367-4ac0-8703-397430e877b9,1359152e-3f2a-4634-ae6e-b435d7e8e6b3,43,2025-04-17 10:05:30
828b99ed-8f29-421c-8f03-4a5e396ede12,8b3a098c-caf2-4cb8-88cb-51969e83970e,26,2025-04-17 09:00:40
a2ff6267-31e0-4ed6-b623-1f0f55ba22ce,d458c8f1-8c19-460d-b2eb-8c89b2c378e9,28,2025-04-17 15:01:30
4640fd84-4d35-4a97-a846-6762be5d7682,d458c8f1-8c19-460d-b2eb-8c89b2c378e9,27,2025-04-17 09:06:40
eb1198a3-f615-4752-b237-a0dc2469c6bb,8b3a098c-caf2-4cb8-88cb-51969e83970e,32,2025-04-17 14:02:00
6a3f4715-c1bb-4a7f-9afd-af2f88df2acb,8b3a098c-caf2-4cb8-88cb-51969e83970e,25,2025-04-17 12:09:00
6e678af1-6f4b-4f4f-98da-2fcac821be3c,d458c8f1-8c19-460d-b2eb-8c89b2c378e9,20,2025-04-17 08:05:00
f981dc4b-edb5-459d-9213-a5af47b536b7,1359152e-3f2a-4634-ae6e-b435d7e8e6b3,46,2025-04-17 09:05:20
1db92e93-cd20-4c27-a3b1-c8d14200ce46,d458c8f1-8c19-460d-b2eb-8c89b2c378e9,24,2025-04-17 11:09:00
02beed63-2398-4a35-be2e-697acfa79057,8b3a098c-caf2-4cb8-88cb-51969e83970e,31,2025-04-17 15:03:50
9e09099a-358a-4a7b-a730-733751b38a7b,8b3a098c-caf2-4cb8-88cb-51969e83970e,31,2025-04-17 13:00:00
4c4ba054-4098-4a2e-8403-439a48319db4,d458c8f1-8c19-460d-b2eb-8c89b2c378e9,34,2025-04-17 12:06:40
0f49148b-fab5-4586-ad5d-c400fa15e347,d458c8f1-8c19-460d-b2eb-8c89b2c378e9,20,2025-04-17 12:02:30
3bbea404-0dd8-4b80-a558-d3472916389d,8b3a098c-caf2-4cb8-88cb-51969e83970e,26,2025-04-17 08:07:50
93e47099-ebe6-478a-b0ae-30bbd6343a79,d458c8f1-8c19-460d-b2eb-8c89b2c378e9,27,2025-04-17 12:04:30
016b5b37-ad7f-437c-ae48-4b84dcfd4442,d458c8f1-8c19-460d-b2eb-8c89b2c378e9,28,2025-04-17 13:02:40
56fea71b-715a-4861-975a-9ddf9bc92535,1359152e-3f2a-4634-ae6e-b435d7e8e6b3,43,2025-04-17 14:07:10
207b2c97-8ebd-4803-8459-b8796719bea3,1359152e-3f2a-4634-ae6e-b435d7e8e6b3,43,2025-04-17 13:02:20
e77b8234-34fd-415a-a418-8b3e902e73df,d458c8f1-8c19-460d-b2eb-8c89b2c378e9,27,2025-04-17 14:05:40
bb2adf25-08d8-4660-b4d9-e15b244bbb9b,d458c8f1-8c19-460d-b2eb-8c89b2c378e9,34,2025-04-17 15:03:40
6101465b-b4db-4fa4-bdbe-d6a84be6a4d1,d458c8f1-8c19-460d-b2eb-8c89b2c378e9,21,2025-04-17 14:07:20
7c92b2e2-37b9-4424-934a-38be83bd8217,1359152e-3f2a-4634-ae6e-b435d7e8e6b3,50,2025-04-17 14:06:00
36d27e8d-586c-42f2-9141-59113cfb8e47,1359152e-3f2a-4634-ae6e-b435d7e8e6b3,61,2025-04-17 13:04:30
d57aeff1-6850-4c2f-b387-e119cd5cc1c6,1359152e-3f2a-4634-ae6e-b435d7e8e6b3,62,2025-04-17 08:02:10
bd6a978c-43df-4ee6-8a37-0611159ea46d,1359152e-3f2a-4634-ae6e-b435d7e8e6b3,57,2025-04-17 08:09:40
991c00f9-db4d-4121-aa97-a06691dca6c2,d458c8f1-8c19-460d-b2eb-8c89b2c378e9,35,2025-04-17 13:00:50
